<?xml version='1.0' encoding='UTF-8'?>  
<!DOCTYPE Plugin PUBLIC "sailpoint.dtd" "sailpoint.dtd">
<Plugin name="TaskResulter" displayName="Aggregation Task Resulter" minSystemVersion="7.1" certificationLevel="None" version="0.1.471">
	<Attributes>
		<Map>
			<entry key="fullPage">  
        		<value>  
          			<FullPage title="Results List" />
        		</value>
        	</entry>
        	<entry key="restResources">  
        		<value>  
          			<List>  
            			<String>sailpoint.plugin.taskresulter.rest.TaskResults</String>  
          			</List>  
        		</value>  
      		</entry> 
		</Map>
	</Attributes>
</Plugin>